insert_num	seq	insert_name
0	AAGATCTCCGGCTCCGGCTCCGGCTCCGGCTCCGGCTCCGGCTCCGGC	varydicodonrepeatlength_AAGATC_1
1	AAGATCAAGATCTCCGGCTCCGGCTCCGGCTCCGGCTCCGGCTCCGGC	varydicodonrepeatlength_AAGATC_2
2	AAGATCAAGATCAAGATCTCCGGCTCCGGCTCCGGCTCCGGCTCCGGC	varydicodonrepeatlength_AAGATC_3
3	AAGATCAAGATCAAGATCAAGATCTCCGGCTCCGGCTCCGGCTCCGGC	varydicodonrepeatlength_AAGATC_4
4	AAGATCAAGATCAAGATCAAGATCAAGATCTCCGGCTCCGGCTCCGGC	varydicodonrepeatlength_AAGATC_5
5	AAGATCAAGATCAAGATCAAGATCAAGATCAAGATCTCCGGCTCCGGC	varydicodonrepeatlength_AAGATC_6
6	AAGATCAAGATCAAGATCAAGATCAAGATCAAGATCAAGATCTCCGGC	varydicodonrepeatlength_AAGATC_7
7	AAGATCAAGATCAAGATCAAGATCAAGATCAAGATCAAGATCAAGATC	varydicodonrepeatlength_AAGATC_8
8	AAGTTCTCCGGCTCCGGCTCCGGCTCCGGCTCCGGCTCCGGCTCCGGC	varydicodonrepeatlength_AAGTTC_1
9	AAGTTCAAGTTCTCCGGCTCCGGCTCCGGCTCCGGCTCCGGCTCCGGC	varydicodonrepeatlength_AAGTTC_2
10	AAGTTCAAGTTCAAGTTCTCCGGCTCCGGCTCCGGCTCCGGCTCCGGC	varydicodonrepeatlength_AAGTTC_3
11	AAGTTCAAGTTCAAGTTCAAGTTCTCCGGCTCCGGCTCCGGCTCCGGC	varydicodonrepeatlength_AAGTTC_4
12	AAGTTCAAGTTCAAGTTCAAGTTCAAGTTCTCCGGCTCCGGCTCCGGC	varydicodonrepeatlength_AAGTTC_5
13	AAGTTCAAGTTCAAGTTCAAGTTCAAGTTCAAGTTCTCCGGCTCCGGC	varydicodonrepeatlength_AAGTTC_6
14	AAGTTCAAGTTCAAGTTCAAGTTCAAGTTCAAGTTCAAGTTCTCCGGC	varydicodonrepeatlength_AAGTTC_7
15	AAGTTCAAGTTCAAGTTCAAGTTCAAGTTCAAGTTCAAGTTCAAGTTC	varydicodonrepeatlength_AAGTTC_8
16	AGAGAGTCCGGCTCCGGCTCCGGCTCCGGCTCCGGCTCCGGCTCCGGC	varydicodonrepeatlength_AGAGAG_1
17	AGAGAGAGAGAGTCCGGCTCCGGCTCCGGCTCCGGCTCCGGCTCCGGC	varydicodonrepeatlength_AGAGAG_2
18	AGAGAGAGAGAGAGAGAGTCCGGCTCCGGCTCCGGCTCCGGCTCCGGC	varydicodonrepeatlength_AGAGAG_3
19	AGAGAGAGAGAGAGAGAGAGAGAGTCCGGCTCCGGCTCCGGCTCCGGC	varydicodonrepeatlength_AGAGAG_4
20	AGAGAGAGAGAGAGAGAGAGAGAGAGAGAGTCCGGCTCCGGCTCCGGC	varydicodonrepeatlength_AGAGAG_5
21	AGAGAGAGAGAGAGAGAGAGAGAGAGAGAGAGAGAGTCCGGCTCCGGC	varydicodonrepeatlength_AGAGAG_6
22	AGAGAGAGAGAGAGAGAGAGAGAGAGAGAGAGAGAGAGAGAGTCCGGC	varydicodonrepeatlength_AGAGAG_7
23	AGAGAGAGAGAGAGAGAGAGAGAGAGAGAGAGAGAGAGAGAGAGAGAG	varydicodonrepeatlength_AGAGAG_8
24	AGTGGCTCCGGCTCCGGCTCCGGCTCCGGCTCCGGCTCCGGCTCCGGC	varydicodonrepeatlength_AGTGGC_1
25	AGTGGCAGTGGCTCCGGCTCCGGCTCCGGCTCCGGCTCCGGCTCCGGC	varydicodonrepeatlength_AGTGGC_2
26	AGTGGCAGTGGCAGTGGCTCCGGCTCCGGCTCCGGCTCCGGCTCCGGC	varydicodonrepeatlength_AGTGGC_3
27	AGTGGCAGTGGCAGTGGCAGTGGCTCCGGCTCCGGCTCCGGCTCCGGC	varydicodonrepeatlength_AGTGGC_4
28	AGTGGCAGTGGCAGTGGCAGTGGCAGTGGCTCCGGCTCCGGCTCCGGC	varydicodonrepeatlength_AGTGGC_5
29	AGTGGCAGTGGCAGTGGCAGTGGCAGTGGCAGTGGCTCCGGCTCCGGC	varydicodonrepeatlength_AGTGGC_6
30	AGTGGCAGTGGCAGTGGCAGTGGCAGTGGCAGTGGCAGTGGCTCCGGC	varydicodonrepeatlength_AGTGGC_7
31	AGTGGCAGTGGCAGTGGCAGTGGCAGTGGCAGTGGCAGTGGCAGTGGC	varydicodonrepeatlength_AGTGGC_8
32	AGTTTCTCCGGCTCCGGCTCCGGCTCCGGCTCCGGCTCCGGCTCCGGC	varydicodonrepeatlength_AGTTTC_1
33	AGTTTCAGTTTCTCCGGCTCCGGCTCCGGCTCCGGCTCCGGCTCCGGC	varydicodonrepeatlength_AGTTTC_2
34	AGTTTCAGTTTCAGTTTCTCCGGCTCCGGCTCCGGCTCCGGCTCCGGC	varydicodonrepeatlength_AGTTTC_3
35	AGTTTCAGTTTCAGTTTCAGTTTCTCCGGCTCCGGCTCCGGCTCCGGC	varydicodonrepeatlength_AGTTTC_4
36	AGTTTCAGTTTCAGTTTCAGTTTCAGTTTCTCCGGCTCCGGCTCCGGC	varydicodonrepeatlength_AGTTTC_5
37	AGTTTCAGTTTCAGTTTCAGTTTCAGTTTCAGTTTCTCCGGCTCCGGC	varydicodonrepeatlength_AGTTTC_6
38	AGTTTCAGTTTCAGTTTCAGTTTCAGTTTCAGTTTCAGTTTCTCCGGC	varydicodonrepeatlength_AGTTTC_7
39	AGTTTCAGTTTCAGTTTCAGTTTCAGTTTCAGTTTCAGTTTCAGTTTC	varydicodonrepeatlength_AGTTTC_8
40	ATCATCTCCGGCTCCGGCTCCGGCTCCGGCTCCGGCTCCGGCTCCGGC	varydicodonrepeatlength_ATCATC_1
41	ATCATCATCATCTCCGGCTCCGGCTCCGGCTCCGGCTCCGGCTCCGGC	varydicodonrepeatlength_ATCATC_2
42	ATCATCATCATCATCATCTCCGGCTCCGGCTCCGGCTCCGGCTCCGGC	varydicodonrepeatlength_ATCATC_3
43	ATCATCATCATCATCATCATCATCTCCGGCTCCGGCTCCGGCTCCGGC	varydicodonrepeatlength_ATCATC_4
44	ATCATCATCATCATCATCATCATCATCATCTCCGGCTCCGGCTCCGGC	varydicodonrepeatlength_ATCATC_5
45	ATCATCATCATCATCATCATCATCATCATCATCATCTCCGGCTCCGGC	varydicodonrepeatlength_ATCATC_6
46	ATCATCATCATCATCATCATCATCATCATCATCATCATCATCTCCGGC	varydicodonrepeatlength_ATCATC_7
47	ATCATCATCATCATCATCATCATCATCATCATCATCATCATCATCATC	varydicodonrepeatlength_ATCATC_8
48	ATGATGTCCGGCTCCGGCTCCGGCTCCGGCTCCGGCTCCGGCTCCGGC	varydicodonrepeatlength_ATGATG_1
49	ATGATGATGATGTCCGGCTCCGGCTCCGGCTCCGGCTCCGGCTCCGGC	varydicodonrepeatlength_ATGATG_2
50	ATGATGATGATGATGATGTCCGGCTCCGGCTCCGGCTCCGGCTCCGGC	varydicodonrepeatlength_ATGATG_3
51	ATGATGATGATGATGATGATGATGTCCGGCTCCGGCTCCGGCTCCGGC	varydicodonrepeatlength_ATGATG_4
52	ATGATGATGATGATGATGATGATGATGATGTCCGGCTCCGGCTCCGGC	varydicodonrepeatlength_ATGATG_5
53	ATGATGATGATGATGATGATGATGATGATGATGATGTCCGGCTCCGGC	varydicodonrepeatlength_ATGATG_6
54	ATGATGATGATGATGATGATGATGATGATGATGATGATGATGTCCGGC	varydicodonrepeatlength_ATGATG_7
55	ATGATGATGATGATGATGATGATGATGATGATGATGATGATGATGATG	varydicodonrepeatlength_ATGATG_8
56	CCTCCGTCCGGCTCCGGCTCCGGCTCCGGCTCCGGCTCCGGCTCCGGC	varydicodonrepeatlength_CCTCCG_1
57	CCTCCGCCTCCGTCCGGCTCCGGCTCCGGCTCCGGCTCCGGCTCCGGC	varydicodonrepeatlength_CCTCCG_2
58	CCTCCGCCTCCGCCTCCGTCCGGCTCCGGCTCCGGCTCCGGCTCCGGC	varydicodonrepeatlength_CCTCCG_3
59	CCTCCGCCTCCGCCTCCGCCTCCGTCCGGCTCCGGCTCCGGCTCCGGC	varydicodonrepeatlength_CCTCCG_4
60	CCTCCGCCTCCGCCTCCGCCTCCGCCTCCGTCCGGCTCCGGCTCCGGC	varydicodonrepeatlength_CCTCCG_5
61	CCTCCGCCTCCGCCTCCGCCTCCGCCTCCGCCTCCGTCCGGCTCCGGC	varydicodonrepeatlength_CCTCCG_6
62	CCTCCGCCTCCGCCTCCGCCTCCGCCTCCGCCTCCGCCTCCGTCCGGC	varydicodonrepeatlength_CCTCCG_7
63	CCTCCGCCTCCGCCTCCGCCTCCGCCTCCGCCTCCGCCTCCGCCTCCG	varydicodonrepeatlength_CCTCCG_8
64	CGCCATTCCGGCTCCGGCTCCGGCTCCGGCTCCGGCTCCGGCTCCGGC	varydicodonrepeatlength_CGCCAT_1
65	CGCCATCGCCATTCCGGCTCCGGCTCCGGCTCCGGCTCCGGCTCCGGC	varydicodonrepeatlength_CGCCAT_2
66	CGCCATCGCCATCGCCATTCCGGCTCCGGCTCCGGCTCCGGCTCCGGC	varydicodonrepeatlength_CGCCAT_3
67	CGCCATCGCCATCGCCATCGCCATTCCGGCTCCGGCTCCGGCTCCGGC	varydicodonrepeatlength_CGCCAT_4
68	CGCCATCGCCATCGCCATCGCCATCGCCATTCCGGCTCCGGCTCCGGC	varydicodonrepeatlength_CGCCAT_5
69	CGCCATCGCCATCGCCATCGCCATCGCCATCGCCATTCCGGCTCCGGC	varydicodonrepeatlength_CGCCAT_6
70	CGCCATCGCCATCGCCATCGCCATCGCCATCGCCATCGCCATTCCGGC	varydicodonrepeatlength_CGCCAT_7
71	CGCCATCGCCATCGCCATCGCCATCGCCATCGCCATCGCCATCGCCAT	varydicodonrepeatlength_CGCCAT_8
72	CGCTTCTCCGGCTCCGGCTCCGGCTCCGGCTCCGGCTCCGGCTCCGGC	varydicodonrepeatlength_CGCTTC_1
73	CGCTTCCGCTTCTCCGGCTCCGGCTCCGGCTCCGGCTCCGGCTCCGGC	varydicodonrepeatlength_CGCTTC_2
74	CGCTTCCGCTTCCGCTTCTCCGGCTCCGGCTCCGGCTCCGGCTCCGGC	varydicodonrepeatlength_CGCTTC_3
75	CGCTTCCGCTTCCGCTTCCGCTTCTCCGGCTCCGGCTCCGGCTCCGGC	varydicodonrepeatlength_CGCTTC_4
76	CGCTTCCGCTTCCGCTTCCGCTTCCGCTTCTCCGGCTCCGGCTCCGGC	varydicodonrepeatlength_CGCTTC_5
77	CGCTTCCGCTTCCGCTTCCGCTTCCGCTTCCGCTTCTCCGGCTCCGGC	varydicodonrepeatlength_CGCTTC_6
78	CGCTTCCGCTTCCGCTTCCGCTTCCGCTTCCGCTTCCGCTTCTCCGGC	varydicodonrepeatlength_CGCTTC_7
79	CGCTTCCGCTTCCGCTTCCGCTTCCGCTTCCGCTTCCGCTTCCGCTTC	varydicodonrepeatlength_CGCTTC_8
80	CGTGAATCCGGCTCCGGCTCCGGCTCCGGCTCCGGCTCCGGCTCCGGC	varydicodonrepeatlength_CGTGAA_1
81	CGTGAACGTGAATCCGGCTCCGGCTCCGGCTCCGGCTCCGGCTCCGGC	varydicodonrepeatlength_CGTGAA_2
82	CGTGAACGTGAACGTGAATCCGGCTCCGGCTCCGGCTCCGGCTCCGGC	varydicodonrepeatlength_CGTGAA_3
83	CGTGAACGTGAACGTGAACGTGAATCCGGCTCCGGCTCCGGCTCCGGC	varydicodonrepeatlength_CGTGAA_4
84	CGTGAACGTGAACGTGAACGTGAACGTGAATCCGGCTCCGGCTCCGGC	varydicodonrepeatlength_CGTGAA_5
85	CGTGAACGTGAACGTGAACGTGAACGTGAACGTGAATCCGGCTCCGGC	varydicodonrepeatlength_CGTGAA_6
86	CGTGAACGTGAACGTGAACGTGAACGTGAACGTGAACGTGAATCCGGC	varydicodonrepeatlength_CGTGAA_7
87	CGTGAACGTGAACGTGAACGTGAACGTGAACGTGAACGTGAACGTGAA	varydicodonrepeatlength_CGTGAA_8
88	CTCATATCCGGCTCCGGCTCCGGCTCCGGCTCCGGCTCCGGCTCCGGC	varydicodonrepeatlength_CTCATA_1
89	CTCATACTCATATCCGGCTCCGGCTCCGGCTCCGGCTCCGGCTCCGGC	varydicodonrepeatlength_CTCATA_2
90	CTCATACTCATACTCATATCCGGCTCCGGCTCCGGCTCCGGCTCCGGC	varydicodonrepeatlength_CTCATA_3
91	CTCATACTCATACTCATACTCATATCCGGCTCCGGCTCCGGCTCCGGC	varydicodonrepeatlength_CTCATA_4
92	CTCATACTCATACTCATACTCATACTCATATCCGGCTCCGGCTCCGGC	varydicodonrepeatlength_CTCATA_5
93	CTCATACTCATACTCATACTCATACTCATACTCATATCCGGCTCCGGC	varydicodonrepeatlength_CTCATA_6
94	CTCATACTCATACTCATACTCATACTCATACTCATACTCATATCCGGC	varydicodonrepeatlength_CTCATA_7
95	CTCATACTCATACTCATACTCATACTCATACTCATACTCATACTCATA	varydicodonrepeatlength_CTCATA_8
96	CTCGGATCCGGCTCCGGCTCCGGCTCCGGCTCCGGCTCCGGCTCCGGC	varydicodonrepeatlength_CTCGGA_1
97	CTCGGACTCGGATCCGGCTCCGGCTCCGGCTCCGGCTCCGGCTCCGGC	varydicodonrepeatlength_CTCGGA_2
98	CTCGGACTCGGACTCGGATCCGGCTCCGGCTCCGGCTCCGGCTCCGGC	varydicodonrepeatlength_CTCGGA_3
99	CTCGGACTCGGACTCGGACTCGGATCCGGCTCCGGCTCCGGCTCCGGC	varydicodonrepeatlength_CTCGGA_4
100	CTCGGACTCGGACTCGGACTCGGACTCGGATCCGGCTCCGGCTCCGGC	varydicodonrepeatlength_CTCGGA_5
101	CTCGGACTCGGACTCGGACTCGGACTCGGACTCGGATCCGGCTCCGGC	varydicodonrepeatlength_CTCGGA_6
102	CTCGGACTCGGACTCGGACTCGGACTCGGACTCGGACTCGGATCCGGC	varydicodonrepeatlength_CTCGGA_7
103	CTCGGACTCGGACTCGGACTCGGACTCGGACTCGGACTCGGACTCGGA	varydicodonrepeatlength_CTCGGA_8
104	CTGTGTTCCGGCTCCGGCTCCGGCTCCGGCTCCGGCTCCGGCTCCGGC	varydicodonrepeatlength_CTGTGT_1
105	CTGTGTCTGTGTTCCGGCTCCGGCTCCGGCTCCGGCTCCGGCTCCGGC	varydicodonrepeatlength_CTGTGT_2
106	CTGTGTCTGTGTCTGTGTTCCGGCTCCGGCTCCGGCTCCGGCTCCGGC	varydicodonrepeatlength_CTGTGT_3
107	CTGTGTCTGTGTCTGTGTCTGTGTTCCGGCTCCGGCTCCGGCTCCGGC	varydicodonrepeatlength_CTGTGT_4
108	CTGTGTCTGTGTCTGTGTCTGTGTCTGTGTTCCGGCTCCGGCTCCGGC	varydicodonrepeatlength_CTGTGT_5
109	CTGTGTCTGTGTCTGTGTCTGTGTCTGTGTCTGTGTTCCGGCTCCGGC	varydicodonrepeatlength_CTGTGT_6
110	CTGTGTCTGTGTCTGTGTCTGTGTCTGTGTCTGTGTCTGTGTTCCGGC	varydicodonrepeatlength_CTGTGT_7
111	CTGTGTCTGTGTCTGTGTCTGTGTCTGTGTCTGTGTCTGTGTCTGTGT	varydicodonrepeatlength_CTGTGT_8
112	CTTATCTCCGGCTCCGGCTCCGGCTCCGGCTCCGGCTCCGGCTCCGGC	varydicodonrepeatlength_CTTATC_1
113	CTTATCCTTATCTCCGGCTCCGGCTCCGGCTCCGGCTCCGGCTCCGGC	varydicodonrepeatlength_CTTATC_2
114	CTTATCCTTATCCTTATCTCCGGCTCCGGCTCCGGCTCCGGCTCCGGC	varydicodonrepeatlength_CTTATC_3
115	CTTATCCTTATCCTTATCCTTATCTCCGGCTCCGGCTCCGGCTCCGGC	varydicodonrepeatlength_CTTATC_4
116	CTTATCCTTATCCTTATCCTTATCCTTATCTCCGGCTCCGGCTCCGGC	varydicodonrepeatlength_CTTATC_5
117	CTTATCCTTATCCTTATCCTTATCCTTATCCTTATCTCCGGCTCCGGC	varydicodonrepeatlength_CTTATC_6
118	CTTATCCTTATCCTTATCCTTATCCTTATCCTTATCCTTATCTCCGGC	varydicodonrepeatlength_CTTATC_7
119	CTTATCCTTATCCTTATCCTTATCCTTATCCTTATCCTTATCCTTATC	varydicodonrepeatlength_CTTATC_8
120	GTCAAATCCGGCTCCGGCTCCGGCTCCGGCTCCGGCTCCGGCTCCGGC	varydicodonrepeatlength_GTCAAA_1
121	GTCAAAGTCAAATCCGGCTCCGGCTCCGGCTCCGGCTCCGGCTCCGGC	varydicodonrepeatlength_GTCAAA_2
122	GTCAAAGTCAAAGTCAAATCCGGCTCCGGCTCCGGCTCCGGCTCCGGC	varydicodonrepeatlength_GTCAAA_3
123	GTCAAAGTCAAAGTCAAAGTCAAATCCGGCTCCGGCTCCGGCTCCGGC	varydicodonrepeatlength_GTCAAA_4
124	GTCAAAGTCAAAGTCAAAGTCAAAGTCAAATCCGGCTCCGGCTCCGGC	varydicodonrepeatlength_GTCAAA_5
125	GTCAAAGTCAAAGTCAAAGTCAAAGTCAAAGTCAAATCCGGCTCCGGC	varydicodonrepeatlength_GTCAAA_6
126	GTCAAAGTCAAAGTCAAAGTCAAAGTCAAAGTCAAAGTCAAATCCGGC	varydicodonrepeatlength_GTCAAA_7
127	GTCAAAGTCAAAGTCAAAGTCAAAGTCAAAGTCAAAGTCAAAGTCAAA	varydicodonrepeatlength_GTCAAA_8
128	GTCATGTCCGGCTCCGGCTCCGGCTCCGGCTCCGGCTCCGGCTCCGGC	varydicodonrepeatlength_GTCATG_1
129	GTCATGGTCATGTCCGGCTCCGGCTCCGGCTCCGGCTCCGGCTCCGGC	varydicodonrepeatlength_GTCATG_2
130	GTCATGGTCATGGTCATGTCCGGCTCCGGCTCCGGCTCCGGCTCCGGC	varydicodonrepeatlength_GTCATG_3
131	GTCATGGTCATGGTCATGGTCATGTCCGGCTCCGGCTCCGGCTCCGGC	varydicodonrepeatlength_GTCATG_4
132	GTCATGGTCATGGTCATGGTCATGGTCATGTCCGGCTCCGGCTCCGGC	varydicodonrepeatlength_GTCATG_5
133	GTCATGGTCATGGTCATGGTCATGGTCATGGTCATGTCCGGCTCCGGC	varydicodonrepeatlength_GTCATG_6
134	GTCATGGTCATGGTCATGGTCATGGTCATGGTCATGGTCATGTCCGGC	varydicodonrepeatlength_GTCATG_7
135	GTCATGGTCATGGTCATGGTCATGGTCATGGTCATGGTCATGGTCATG	varydicodonrepeatlength_GTCATG_8
136	TACAAGTCCGGCTCCGGCTCCGGCTCCGGCTCCGGCTCCGGCTCCGGC	varydicodonrepeatlength_TACAAG_1
137	TACAAGTACAAGTCCGGCTCCGGCTCCGGCTCCGGCTCCGGCTCCGGC	varydicodonrepeatlength_TACAAG_2
138	TACAAGTACAAGTACAAGTCCGGCTCCGGCTCCGGCTCCGGCTCCGGC	varydicodonrepeatlength_TACAAG_3
139	TACAAGTACAAGTACAAGTACAAGTCCGGCTCCGGCTCCGGCTCCGGC	varydicodonrepeatlength_TACAAG_4
140	TACAAGTACAAGTACAAGTACAAGTACAAGTCCGGCTCCGGCTCCGGC	varydicodonrepeatlength_TACAAG_5
141	TACAAGTACAAGTACAAGTACAAGTACAAGTACAAGTCCGGCTCCGGC	varydicodonrepeatlength_TACAAG_6
142	TACAAGTACAAGTACAAGTACAAGTACAAGTACAAGTACAAGTCCGGC	varydicodonrepeatlength_TACAAG_7
143	TACAAGTACAAGTACAAGTACAAGTACAAGTACAAGTACAAGTACAAG	varydicodonrepeatlength_TACAAG_8
144	TTGATGTCCGGCTCCGGCTCCGGCTCCGGCTCCGGCTCCGGCTCCGGC	varydicodonrepeatlength_TTGATG_1
145	TTGATGTTGATGTCCGGCTCCGGCTCCGGCTCCGGCTCCGGCTCCGGC	varydicodonrepeatlength_TTGATG_2
146	TTGATGTTGATGTTGATGTCCGGCTCCGGCTCCGGCTCCGGCTCCGGC	varydicodonrepeatlength_TTGATG_3
147	TTGATGTTGATGTTGATGTTGATGTCCGGCTCCGGCTCCGGCTCCGGC	varydicodonrepeatlength_TTGATG_4
148	TTGATGTTGATGTTGATGTTGATGTTGATGTCCGGCTCCGGCTCCGGC	varydicodonrepeatlength_TTGATG_5
149	TTGATGTTGATGTTGATGTTGATGTTGATGTTGATGTCCGGCTCCGGC	varydicodonrepeatlength_TTGATG_6
150	TTGATGTTGATGTTGATGTTGATGTTGATGTTGATGTTGATGTCCGGC	varydicodonrepeatlength_TTGATG_7
151	TTGATGTTGATGTTGATGTTGATGTTGATGTTGATGTTGATGTTGATG	varydicodonrepeatlength_TTGATG_8
152	TTTCTGTCCGGCTCCGGCTCCGGCTCCGGCTCCGGCTCCGGCTCCGGC	varydicodonrepeatlength_TTTCTG_1
153	TTTCTGTTTCTGTCCGGCTCCGGCTCCGGCTCCGGCTCCGGCTCCGGC	varydicodonrepeatlength_TTTCTG_2
154	TTTCTGTTTCTGTTTCTGTCCGGCTCCGGCTCCGGCTCCGGCTCCGGC	varydicodonrepeatlength_TTTCTG_3
155	TTTCTGTTTCTGTTTCTGTTTCTGTCCGGCTCCGGCTCCGGCTCCGGC	varydicodonrepeatlength_TTTCTG_4
156	TTTCTGTTTCTGTTTCTGTTTCTGTTTCTGTCCGGCTCCGGCTCCGGC	varydicodonrepeatlength_TTTCTG_5
157	TTTCTGTTTCTGTTTCTGTTTCTGTTTCTGTTTCTGTCCGGCTCCGGC	varydicodonrepeatlength_TTTCTG_6
158	TTTCTGTTTCTGTTTCTGTTTCTGTTTCTGTTTCTGTTTCTGTCCGGC	varydicodonrepeatlength_TTTCTG_7
159	TTTCTGTTTCTGTTTCTGTTTCTGTTTCTGTTTCTGTTTCTGTTTCTG	varydicodonrepeatlength_TTTCTG_8
160	TTTTGTTCCGGCTCCGGCTCCGGCTCCGGCTCCGGCTCCGGCTCCGGC	varydicodonrepeatlength_TTTTGT_1
161	TTTTGTTTTTGTTCCGGCTCCGGCTCCGGCTCCGGCTCCGGCTCCGGC	varydicodonrepeatlength_TTTTGT_2
162	TTTTGTTTTTGTTTTTGTTCCGGCTCCGGCTCCGGCTCCGGCTCCGGC	varydicodonrepeatlength_TTTTGT_3
163	TTTTGTTTTTGTTTTTGTTTTTGTTCCGGCTCCGGCTCCGGCTCCGGC	varydicodonrepeatlength_TTTTGT_4
164	TTTTGTTTTTGTTTTTGTTTTTGTTTTTGTTCCGGCTCCGGCTCCGGC	varydicodonrepeatlength_TTTTGT_5
165	TTTTGTTTTTGTTTTTGTTTTTGTTTTTGTTTTTGTTCCGGCTCCGGC	varydicodonrepeatlength_TTTTGT_6
166	TTTTGTTTTTGTTTTTGTTTTTGTTTTTGTTTTTGTTTTTGTTCCGGC	varydicodonrepeatlength_TTTTGT_7
167	TTTTGTTTTTGTTTTTGTTTTTGTTTTTGTTTTTGTTTTTGTTTTTGT	varydicodonrepeatlength_TTTTGT_8
168	TCCGGCTCCGGCTCCGGCTCCGGCTCCGGCTCCGGCTCCGGCTCCGGC	linker_control
169	TAATGATAATGATAATGATAATGATAATGATAATGATAATGATAATGA	stop_control
170	AAAGTCAGTTTCAAAGTCAGTTTCAAAGTCAGTTTCAAAGTCAGTTTC	mixdicodons_AAAGTC_AGTTTC_1
171	AAAGTCAAAGTCAGTTTCAGTTTCAAAGTCAAAGTCAGTTTCAGTTTC	mixdicodons_AAAGTC_AGTTTC_2
172	AAAGTCAAAGTCAAAGTCAAAGTCAGTTTCAGTTTCAGTTTCAGTTTC	mixdicodons_AAAGTC_AGTTTC_4
173	AAAGTCCATCGCAAAGTCCATCGCAAAGTCCATCGCAAAGTCCATCGC	mixdicodons_AAAGTC_CATCGC_1
174	AAAGTCAAAGTCCATCGCCATCGCAAAGTCAAAGTCCATCGCCATCGC	mixdicodons_AAAGTC_CATCGC_2
175	AAAGTCAAAGTCAAAGTCAAAGTCCATCGCCATCGCCATCGCCATCGC	mixdicodons_AAAGTC_CATCGC_4
176	AAAGTCCGCCATAAAGTCCGCCATAAAGTCCGCCATAAAGTCCGCCAT	mixdicodons_AAAGTC_CGCCAT_1
177	AAAGTCAAAGTCCGCCATCGCCATAAAGTCAAAGTCCGCCATCGCCAT	mixdicodons_AAAGTC_CGCCAT_2
178	AAAGTCAAAGTCAAAGTCAAAGTCCGCCATCGCCATCGCCATCGCCAT	mixdicodons_AAAGTC_CGCCAT_4
179	AAAGTCGTCAAAAAAGTCGTCAAAAAAGTCGTCAAAAAAGTCGTCAAA	mixdicodons_AAAGTC_GTCAAA_1
180	AAAGTCAAAGTCGTCAAAGTCAAAAAAGTCAAAGTCGTCAAAGTCAAA	mixdicodons_AAAGTC_GTCAAA_2
181	AAAGTCAAAGTCAAAGTCAAAGTCGTCAAAGTCAAAGTCAAAGTCAAA	mixdicodons_AAAGTC_GTCAAA_4
182	AAAGTCTTCAGTAAAGTCTTCAGTAAAGTCTTCAGTAAAGTCTTCAGT	mixdicodons_AAAGTC_TTCAGT_1
183	AAAGTCAAAGTCTTCAGTTTCAGTAAAGTCAAAGTCTTCAGTTTCAGT	mixdicodons_AAAGTC_TTCAGT_2
184	AAAGTCAAAGTCAAAGTCAAAGTCTTCAGTTTCAGTTTCAGTTTCAGT	mixdicodons_AAAGTC_TTCAGT_4
185	AGTTTCAAAGTCAGTTTCAAAGTCAGTTTCAAAGTCAGTTTCAAAGTC	mixdicodons_AGTTTC_AAAGTC_1
186	AGTTTCAGTTTCAAAGTCAAAGTCAGTTTCAGTTTCAAAGTCAAAGTC	mixdicodons_AGTTTC_AAAGTC_2
187	AGTTTCAGTTTCAGTTTCAGTTTCAAAGTCAAAGTCAAAGTCAAAGTC	mixdicodons_AGTTTC_AAAGTC_4
188	AGTTTCCATCGCAGTTTCCATCGCAGTTTCCATCGCAGTTTCCATCGC	mixdicodons_AGTTTC_CATCGC_1
189	AGTTTCAGTTTCCATCGCCATCGCAGTTTCAGTTTCCATCGCCATCGC	mixdicodons_AGTTTC_CATCGC_2
190	AGTTTCAGTTTCAGTTTCAGTTTCCATCGCCATCGCCATCGCCATCGC	mixdicodons_AGTTTC_CATCGC_4
191	AGTTTCCGCCATAGTTTCCGCCATAGTTTCCGCCATAGTTTCCGCCAT	mixdicodons_AGTTTC_CGCCAT_1
192	AGTTTCAGTTTCCGCCATCGCCATAGTTTCAGTTTCCGCCATCGCCAT	mixdicodons_AGTTTC_CGCCAT_2
193	AGTTTCAGTTTCAGTTTCAGTTTCCGCCATCGCCATCGCCATCGCCAT	mixdicodons_AGTTTC_CGCCAT_4
194	AGTTTCGTCAAAAGTTTCGTCAAAAGTTTCGTCAAAAGTTTCGTCAAA	mixdicodons_AGTTTC_GTCAAA_1
195	AGTTTCAGTTTCGTCAAAGTCAAAAGTTTCAGTTTCGTCAAAGTCAAA	mixdicodons_AGTTTC_GTCAAA_2
196	AGTTTCAGTTTCAGTTTCAGTTTCGTCAAAGTCAAAGTCAAAGTCAAA	mixdicodons_AGTTTC_GTCAAA_4
197	AGTTTCTTCAGTAGTTTCTTCAGTAGTTTCTTCAGTAGTTTCTTCAGT	mixdicodons_AGTTTC_TTCAGT_1
198	AGTTTCAGTTTCTTCAGTTTCAGTAGTTTCAGTTTCTTCAGTTTCAGT	mixdicodons_AGTTTC_TTCAGT_2
199	AGTTTCAGTTTCAGTTTCAGTTTCTTCAGTTTCAGTTTCAGTTTCAGT	mixdicodons_AGTTTC_TTCAGT_4
200	CATCGCAAAGTCCATCGCAAAGTCCATCGCAAAGTCCATCGCAAAGTC	mixdicodons_CATCGC_AAAGTC_1
201	CATCGCCATCGCAAAGTCAAAGTCCATCGCCATCGCAAAGTCAAAGTC	mixdicodons_CATCGC_AAAGTC_2
202	CATCGCCATCGCCATCGCCATCGCAAAGTCAAAGTCAAAGTCAAAGTC	mixdicodons_CATCGC_AAAGTC_4
203	CATCGCAGTTTCCATCGCAGTTTCCATCGCAGTTTCCATCGCAGTTTC	mixdicodons_CATCGC_AGTTTC_1
204	CATCGCCATCGCAGTTTCAGTTTCCATCGCCATCGCAGTTTCAGTTTC	mixdicodons_CATCGC_AGTTTC_2
205	CATCGCCATCGCCATCGCCATCGCAGTTTCAGTTTCAGTTTCAGTTTC	mixdicodons_CATCGC_AGTTTC_4
206	CATCGCCGCCATCATCGCCGCCATCATCGCCGCCATCATCGCCGCCAT	mixdicodons_CATCGC_CGCCAT_1
207	CATCGCCATCGCCGCCATCGCCATCATCGCCATCGCCGCCATCGCCAT	mixdicodons_CATCGC_CGCCAT_2
208	CATCGCCATCGCCATCGCCATCGCCGCCATCGCCATCGCCATCGCCAT	mixdicodons_CATCGC_CGCCAT_4
209	CATCGCGTCAAACATCGCGTCAAACATCGCGTCAAACATCGCGTCAAA	mixdicodons_CATCGC_GTCAAA_1
210	CATCGCCATCGCGTCAAAGTCAAACATCGCCATCGCGTCAAAGTCAAA	mixdicodons_CATCGC_GTCAAA_2
211	CATCGCCATCGCCATCGCCATCGCGTCAAAGTCAAAGTCAAAGTCAAA	mixdicodons_CATCGC_GTCAAA_4
212	CATCGCTTCAGTCATCGCTTCAGTCATCGCTTCAGTCATCGCTTCAGT	mixdicodons_CATCGC_TTCAGT_1
213	CATCGCCATCGCTTCAGTTTCAGTCATCGCCATCGCTTCAGTTTCAGT	mixdicodons_CATCGC_TTCAGT_2
214	CATCGCCATCGCCATCGCCATCGCTTCAGTTTCAGTTTCAGTTTCAGT	mixdicodons_CATCGC_TTCAGT_4
215	CGCCATAAAGTCCGCCATAAAGTCCGCCATAAAGTCCGCCATAAAGTC	mixdicodons_CGCCAT_AAAGTC_1
216	CGCCATCGCCATAAAGTCAAAGTCCGCCATCGCCATAAAGTCAAAGTC	mixdicodons_CGCCAT_AAAGTC_2
217	CGCCATCGCCATCGCCATCGCCATAAAGTCAAAGTCAAAGTCAAAGTC	mixdicodons_CGCCAT_AAAGTC_4
218	CGCCATAGTTTCCGCCATAGTTTCCGCCATAGTTTCCGCCATAGTTTC	mixdicodons_CGCCAT_AGTTTC_1
219	CGCCATCGCCATAGTTTCAGTTTCCGCCATCGCCATAGTTTCAGTTTC	mixdicodons_CGCCAT_AGTTTC_2
220	CGCCATCGCCATCGCCATCGCCATAGTTTCAGTTTCAGTTTCAGTTTC	mixdicodons_CGCCAT_AGTTTC_4
221	CGCCATCATCGCCGCCATCATCGCCGCCATCATCGCCGCCATCATCGC	mixdicodons_CGCCAT_CATCGC_1
222	CGCCATCGCCATCATCGCCATCGCCGCCATCGCCATCATCGCCATCGC	mixdicodons_CGCCAT_CATCGC_2
223	CGCCATCGCCATCGCCATCGCCATCATCGCCATCGCCATCGCCATCGC	mixdicodons_CGCCAT_CATCGC_4
224	CGCCATGTCAAACGCCATGTCAAACGCCATGTCAAACGCCATGTCAAA	mixdicodons_CGCCAT_GTCAAA_1
225	CGCCATCGCCATGTCAAAGTCAAACGCCATCGCCATGTCAAAGTCAAA	mixdicodons_CGCCAT_GTCAAA_2
226	CGCCATCGCCATCGCCATCGCCATGTCAAAGTCAAAGTCAAAGTCAAA	mixdicodons_CGCCAT_GTCAAA_4
227	CGCCATTTCAGTCGCCATTTCAGTCGCCATTTCAGTCGCCATTTCAGT	mixdicodons_CGCCAT_TTCAGT_1
228	CGCCATCGCCATTTCAGTTTCAGTCGCCATCGCCATTTCAGTTTCAGT	mixdicodons_CGCCAT_TTCAGT_2
229	CGCCATCGCCATCGCCATCGCCATTTCAGTTTCAGTTTCAGTTTCAGT	mixdicodons_CGCCAT_TTCAGT_4
230	GTCAAAAAAGTCGTCAAAAAAGTCGTCAAAAAAGTCGTCAAAAAAGTC	mixdicodons_GTCAAA_AAAGTC_1
231	GTCAAAGTCAAAAAAGTCAAAGTCGTCAAAGTCAAAAAAGTCAAAGTC	mixdicodons_GTCAAA_AAAGTC_2
232	GTCAAAGTCAAAGTCAAAGTCAAAAAAGTCAAAGTCAAAGTCAAAGTC	mixdicodons_GTCAAA_AAAGTC_4
233	GTCAAAAGTTTCGTCAAAAGTTTCGTCAAAAGTTTCGTCAAAAGTTTC	mixdicodons_GTCAAA_AGTTTC_1
234	GTCAAAGTCAAAAGTTTCAGTTTCGTCAAAGTCAAAAGTTTCAGTTTC	mixdicodons_GTCAAA_AGTTTC_2
235	GTCAAAGTCAAAGTCAAAGTCAAAAGTTTCAGTTTCAGTTTCAGTTTC	mixdicodons_GTCAAA_AGTTTC_4
236	GTCAAACATCGCGTCAAACATCGCGTCAAACATCGCGTCAAACATCGC	mixdicodons_GTCAAA_CATCGC_1
237	GTCAAAGTCAAACATCGCCATCGCGTCAAAGTCAAACATCGCCATCGC	mixdicodons_GTCAAA_CATCGC_2
238	GTCAAAGTCAAAGTCAAAGTCAAACATCGCCATCGCCATCGCCATCGC	mixdicodons_GTCAAA_CATCGC_4
239	GTCAAACGCCATGTCAAACGCCATGTCAAACGCCATGTCAAACGCCAT	mixdicodons_GTCAAA_CGCCAT_1
240	GTCAAAGTCAAACGCCATCGCCATGTCAAAGTCAAACGCCATCGCCAT	mixdicodons_GTCAAA_CGCCAT_2
241	GTCAAAGTCAAAGTCAAAGTCAAACGCCATCGCCATCGCCATCGCCAT	mixdicodons_GTCAAA_CGCCAT_4
242	GTCAAATTCAGTGTCAAATTCAGTGTCAAATTCAGTGTCAAATTCAGT	mixdicodons_GTCAAA_TTCAGT_1
243	GTCAAAGTCAAATTCAGTTTCAGTGTCAAAGTCAAATTCAGTTTCAGT	mixdicodons_GTCAAA_TTCAGT_2
244	GTCAAAGTCAAAGTCAAAGTCAAATTCAGTTTCAGTTTCAGTTTCAGT	mixdicodons_GTCAAA_TTCAGT_4
245	TTCAGTAAAGTCTTCAGTAAAGTCTTCAGTAAAGTCTTCAGTAAAGTC	mixdicodons_TTCAGT_AAAGTC_1
246	TTCAGTTTCAGTAAAGTCAAAGTCTTCAGTTTCAGTAAAGTCAAAGTC	mixdicodons_TTCAGT_AAAGTC_2
247	TTCAGTTTCAGTTTCAGTTTCAGTAAAGTCAAAGTCAAAGTCAAAGTC	mixdicodons_TTCAGT_AAAGTC_4
248	TTCAGTAGTTTCTTCAGTAGTTTCTTCAGTAGTTTCTTCAGTAGTTTC	mixdicodons_TTCAGT_AGTTTC_1
249	TTCAGTTTCAGTAGTTTCAGTTTCTTCAGTTTCAGTAGTTTCAGTTTC	mixdicodons_TTCAGT_AGTTTC_2
250	TTCAGTTTCAGTTTCAGTTTCAGTAGTTTCAGTTTCAGTTTCAGTTTC	mixdicodons_TTCAGT_AGTTTC_4
251	TTCAGTCATCGCTTCAGTCATCGCTTCAGTCATCGCTTCAGTCATCGC	mixdicodons_TTCAGT_CATCGC_1
252	TTCAGTTTCAGTCATCGCCATCGCTTCAGTTTCAGTCATCGCCATCGC	mixdicodons_TTCAGT_CATCGC_2
253	TTCAGTTTCAGTTTCAGTTTCAGTCATCGCCATCGCCATCGCCATCGC	mixdicodons_TTCAGT_CATCGC_4
254	TTCAGTCGCCATTTCAGTCGCCATTTCAGTCGCCATTTCAGTCGCCAT	mixdicodons_TTCAGT_CGCCAT_1
255	TTCAGTTTCAGTCGCCATCGCCATTTCAGTTTCAGTCGCCATCGCCAT	mixdicodons_TTCAGT_CGCCAT_2
256	TTCAGTTTCAGTTTCAGTTTCAGTCGCCATCGCCATCGCCATCGCCAT	mixdicodons_TTCAGT_CGCCAT_4
257	TTCAGTGTCAAATTCAGTGTCAAATTCAGTGTCAAATTCAGTGTCAAA	mixdicodons_TTCAGT_GTCAAA_1
258	TTCAGTTTCAGTGTCAAAGTCAAATTCAGTTTCAGTGTCAAAGTCAAA	mixdicodons_TTCAGT_GTCAAA_2
259	TTCAGTTTCAGTTTCAGTTTCAGTGTCAAAGTCAAAGTCAAAGTCAAA	mixdicodons_TTCAGT_GTCAAA_4
260	TCCAAAGTCTCCAAAGTCTCCAAAGTCTCCAAAGTCTCCAAAGTCTCC	reorderdicodon_AAAGTC_1
261	TCCAAAGTCAAAGTCTCCAAAGTCAAAGTCTCCAAAGTCAAAGTCTCC	reorderdicodon_AAAGTC_2
262	TCCAAAGTCAAAGTCAAAGTCTCCTCCAAAGTCAAAGTCAAAGTCTCC	reorderdicodon_AAAGTC_3
263	TCCAAGATCTCCAAGATCTCCAAGATCTCCAAGATCTCCAAGATCTCC	reorderdicodon_AAGATC_1
264	TCCAAGATCAAGATCTCCAAGATCAAGATCTCCAAGATCAAGATCTCC	reorderdicodon_AAGATC_2
265	TCCAAGATCAAGATCAAGATCTCCTCCAAGATCAAGATCAAGATCTCC	reorderdicodon_AAGATC_3
266	TCCAAGTACTCCAAGTACTCCAAGTACTCCAAGTACTCCAAGTACTCC	reorderdicodon_AAGTAC_1
267	TCCAAGTACAAGTACTCCAAGTACAAGTACTCCAAGTACAAGTACTCC	reorderdicodon_AAGTAC_2
268	TCCAAGTACAAGTACAAGTACTCCTCCAAGTACAAGTACAAGTACTCC	reorderdicodon_AAGTAC_3
269	TCCAAGTTCTCCAAGTTCTCCAAGTTCTCCAAGTTCTCCAAGTTCTCC	reorderdicodon_AAGTTC_1
270	TCCAAGTTCAAGTTCTCCAAGTTCAAGTTCTCCAAGTTCAAGTTCTCC	reorderdicodon_AAGTTC_2
271	TCCAAGTTCAAGTTCAAGTTCTCCTCCAAGTTCAAGTTCAAGTTCTCC	reorderdicodon_AAGTTC_3
272	TCCAGAGAGTCCAGAGAGTCCAGAGAGTCCAGAGAGTCCAGAGAGTCC	reorderdicodon_AGAGAG_1
273	TCCAGAGAGAGAGAGTCCAGAGAGAGAGAGTCCAGAGAGAGAGAGTCC	reorderdicodon_AGAGAG_2
274	TCCAGAGAGAGAGAGAGAGAGTCCTCCAGAGAGAGAGAGAGAGAGTCC	reorderdicodon_AGAGAG_3
275	TCCAGTTTCTCCAGTTTCTCCAGTTTCTCCAGTTTCTCCAGTTTCTCC	reorderdicodon_AGTTTC_1
276	TCCAGTTTCAGTTTCTCCAGTTTCAGTTTCTCCAGTTTCAGTTTCTCC	reorderdicodon_AGTTTC_2
277	TCCAGTTTCAGTTTCAGTTTCTCCTCCAGTTTCAGTTTCAGTTTCTCC	reorderdicodon_AGTTTC_3
278	TCCATCAAGTCCATCAAGTCCATCAAGTCCATCAAGTCCATCAAGTCC	reorderdicodon_ATCAAG_1
279	TCCATCAAGATCAAGTCCATCAAGATCAAGTCCATCAAGATCAAGTCC	reorderdicodon_ATCAAG_2
280	TCCATCAAGATCAAGATCAAGTCCTCCATCAAGATCAAGATCAAGTCC	reorderdicodon_ATCAAG_3
281	TCCATCATCTCCATCATCTCCATCATCTCCATCATCTCCATCATCTCC	reorderdicodon_ATCATC_1
282	TCCATCATCATCATCTCCATCATCATCATCTCCATCATCATCATCTCC	reorderdicodon_ATCATC_2
283	TCCATCATCATCATCATCATCTCCTCCATCATCATCATCATCATCTCC	reorderdicodon_ATCATC_3
284	TCCCATCGCTCCCATCGCTCCCATCGCTCCCATCGCTCCCATCGCTCC	reorderdicodon_CATCGC_1
285	TCCCATCGCCATCGCTCCCATCGCCATCGCTCCCATCGCCATCGCTCC	reorderdicodon_CATCGC_2
286	TCCCATCGCCATCGCCATCGCTCCTCCCATCGCCATCGCCATCGCTCC	reorderdicodon_CATCGC_3
287	TCCCGCCATTCCCGCCATTCCCGCCATTCCCGCCATTCCCGCCATTCC	reorderdicodon_CGCCAT_1
288	TCCCGCCATCGCCATTCCCGCCATCGCCATTCCCGCCATCGCCATTCC	reorderdicodon_CGCCAT_2
289	TCCCGCCATCGCCATCGCCATTCCTCCCGCCATCGCCATCGCCATTCC	reorderdicodon_CGCCAT_3
290	TCCCGCTTCTCCCGCTTCTCCCGCTTCTCCCGCTTCTCCCGCTTCTCC	reorderdicodon_CGCTTC_1
291	TCCCGCTTCCGCTTCTCCCGCTTCCGCTTCTCCCGCTTCCGCTTCTCC	reorderdicodon_CGCTTC_2
292	TCCCGCTTCCGCTTCCGCTTCTCCTCCCGCTTCCGCTTCCGCTTCTCC	reorderdicodon_CGCTTC_3
293	TCCCTCGGATCCCTCGGATCCCTCGGATCCCTCGGATCCCTCGGATCC	reorderdicodon_CTCGGA_1
294	TCCCTCGGACTCGGATCCCTCGGACTCGGATCCCTCGGACTCGGATCC	reorderdicodon_CTCGGA_2
295	TCCCTCGGACTCGGACTCGGATCCTCCCTCGGACTCGGACTCGGATCC	reorderdicodon_CTCGGA_3
296	TCCGAGAGATCCGAGAGATCCGAGAGATCCGAGAGATCCGAGAGATCC	reorderdicodon_GAGAGA_1
297	TCCGAGAGAGAGAGATCCGAGAGAGAGAGATCCGAGAGAGAGAGATCC	reorderdicodon_GAGAGA_2
298	TCCGAGAGAGAGAGAGAGAGATCCTCCGAGAGAGAGAGAGAGAGATCC	reorderdicodon_GAGAGA_3
299	TCCGGACTCTCCGGACTCTCCGGACTCTCCGGACTCTCCGGACTCTCC	reorderdicodon_GGACTC_1
300	TCCGGACTCGGACTCTCCGGACTCGGACTCTCCGGACTCGGACTCTCC	reorderdicodon_GGACTC_2
301	TCCGGACTCGGACTCGGACTCTCCTCCGGACTCGGACTCGGACTCTCC	reorderdicodon_GGACTC_3
302	TCCGTCAAATCCGTCAAATCCGTCAAATCCGTCAAATCCGTCAAATCC	reorderdicodon_GTCAAA_1
303	TCCGTCAAAGTCAAATCCGTCAAAGTCAAATCCGTCAAAGTCAAATCC	reorderdicodon_GTCAAA_2
304	TCCGTCAAAGTCAAAGTCAAATCCTCCGTCAAAGTCAAAGTCAAATCC	reorderdicodon_GTCAAA_3
305	TCCTACAAGTCCTACAAGTCCTACAAGTCCTACAAGTCCTACAAGTCC	reorderdicodon_TACAAG_1
306	TCCTACAAGTACAAGTCCTACAAGTACAAGTCCTACAAGTACAAGTCC	reorderdicodon_TACAAG_2
307	TCCTACAAGTACAAGTACAAGTCCTCCTACAAGTACAAGTACAAGTCC	reorderdicodon_TACAAG_3
308	TCCTTCAAGTCCTTCAAGTCCTTCAAGTCCTTCAAGTCCTTCAAGTCC	reorderdicodon_TTCAAG_1
309	TCCTTCAAGTTCAAGTCCTTCAAGTTCAAGTCCTTCAAGTTCAAGTCC	reorderdicodon_TTCAAG_2
310	TCCTTCAAGTTCAAGTTCAAGTCCTCCTTCAAGTTCAAGTTCAAGTCC	reorderdicodon_TTCAAG_3
311	TCCTTCAGTTCCTTCAGTTCCTTCAGTTCCTTCAGTTCCTTCAGTTCC	reorderdicodon_TTCAGT_1
312	TCCTTCAGTTTCAGTTCCTTCAGTTTCAGTTCCTTCAGTTTCAGTTCC	reorderdicodon_TTCAGT_2
313	TCCTTCAGTTTCAGTTTCAGTTCCTCCTTCAGTTTCAGTTTCAGTTCC	reorderdicodon_TTCAGT_3
314	TCCTTCCGCTCCTTCCGCTCCTTCCGCTCCTTCCGCTCCTTCCGCTCC	reorderdicodon_TTCCGC_1
315	TCCTTCCGCTTCCGCTCCTTCCGCTTCCGCTCCTTCCGCTTCCGCTCC	reorderdicodon_TTCCGC_2
316	TCCTTCCGCTTCCGCTTCCGCTCCTCCTTCCGCTTCCGCTTCCGCTCC	reorderdicodon_TTCCGC_3
